Image Title,Image Description,Image Path,Image Upload Date,Image Modify Date
287089,,~/Images/2019-01-07/287089.jpg,1/7/2019 12:18:51 AM,1/7/2019 12:18:51 AM
470648_red-code-lyoko-wallpapers-by-foboh-on-devia,,~/Images/2019-01-07/470648_red-code-lyoko-wallpapers-by-foboh-on-deviantart_1920x1080_h.png,1/7/2019 12:18:51 AM,1/7/2019 12:18:51 AM
470655_news-code-lyoko-codelyoko-fr_1024x768_h,,~/Images/2019-01-07/470655_news-code-lyoko-codelyoko-fr_1024x768_h.jpg,1/7/2019 12:18:51 AM,1/7/2019 12:18:51 AM
1002519-download-free-code-lyoko-wallpapers-1920x1,,~/Images/2019-01-07/1002519-download-free-code-lyoko-wallpapers-1920x1080-windows-10.jpg,1/7/2019 12:18:51 AM,1/7/2019 12:18:51 AM
banner,,~/Images/2019-01-07/banner.png,1/7/2019 12:18:51 AM,1/7/2019 12:18:51 AM
banner-1,,~/Images/2019-01-07/banner-1.png,1/7/2019 12:18:51 AM,1/7/2019 12:18:51 AM
beautiful-blur-bright-326055,,~/Images/2019-01-07/beautiful-blur-bright-326055.jpg,1/7/2019 12:18:51 AM,1/7/2019 12:18:51 AM
CMS_Creative_164657191_Kingfisher,,~/Images/2019-01-07/CMS_Creative_164657191_Kingfisher.jpg,1/7/2019 12:18:51 AM,1/7/2019 12:18:51 AM
Code-Lyoko-Wallpaper-Free-Download,,~/Images/2019-01-07/Code-Lyoko-Wallpaper-Free-Download.jpg,1/7/2019 12:18:51 AM,1/7/2019 12:18:51 AM
logo,,~/Images/2019-01-07/logo.png,1/7/2019 12:18:51 AM,1/7/2019 12:18:51 AM
no-image-found,,~/Images/2019-01-07/no-image-found.png,1/7/2019 12:18:51 AM,1/7/2019 12:18:51 AM
shop_donate-background-sm,,~/Images/2019-01-07/shop_donate-background-sm.jpg,1/7/2019 12:18:51 AM,1/7/2019 12:18:51 AM
wp3178085,,~/Images/2019-01-07/wp3178085.jpg,1/7/2019 12:18:51 AM,1/7/2019 12:18:51 AM
287089,,~/Images/2019-01-07/287089_1.jpg,1/7/2019 1:09:18 PM,1/7/2019 1:09:18 PM
470648_red-code-lyoko-wallpapers-by-foboh-on-devia,,~/Images/2019-01-07/470648_red-code-lyoko-wallpapers-by-foboh-on-deviantart_1920x1080_h_1.png,1/7/2019 1:09:18 PM,1/7/2019 1:09:18 PM
470655_news-code-lyoko-codelyoko-fr_1024x768_h,,~/Images/2019-01-07/470655_news-code-lyoko-codelyoko-fr_1024x768_h_1.jpg,1/7/2019 1:09:18 PM,1/7/2019 1:09:18 PM
1002519-download-free-code-lyoko-wallpapers-1920x1,,~/Images/2019-01-07/1002519-download-free-code-lyoko-wallpapers-1920x1080-windows-10_1.jpg,1/7/2019 1:09:18 PM,1/7/2019 1:09:18 PM
banner,,~/Images/2019-01-07/banner_2.png,1/7/2019 1:09:18 PM,1/7/2019 1:09:18 PM
banner-1,,~/Images/2019-01-07/banner-1_1.png,1/7/2019 1:09:18 PM,1/7/2019 1:09:18 PM
beautiful-blur-bright-326055,,~/Images/2019-01-07/beautiful-blur-bright-326055_1.jpg,1/7/2019 1:09:18 PM,1/7/2019 1:09:18 PM
CMS_Creative_164657191_Kingfisher,,~/Images/2019-01-07/CMS_Creative_164657191_Kingfisher_1.jpg,1/7/2019 1:09:18 PM,1/7/2019 1:09:18 PM
Code-Lyoko-Wallpaper-Free-Download,,~/Images/2019-01-07/Code-Lyoko-Wallpaper-Free-Download_1.jpg,1/7/2019 1:09:18 PM,1/7/2019 1:09:18 PM
logo,,~/Images/2019-01-07/logo_1.png,1/7/2019 1:09:18 PM,1/7/2019 1:09:18 PM
no-image-found,,~/Images/2019-01-07/no-image-found_1.png,1/7/2019 1:09:18 PM,1/7/2019 1:09:18 PM
shop_donate-background-sm,,~/Images/2019-01-07/shop_donate-background-sm_1.jpg,1/7/2019 1:09:18 PM,1/7/2019 1:09:18 PM
wp3178085,,~/Images/2019-01-07/wp3178085_1.jpg,1/7/2019 1:09:18 PM,1/7/2019 1:09:18 PM
287089,,~/Images/2019-01-07/287089_2.jpg,1/7/2019 1:58:25 PM,1/7/2019 1:58:25 PM
470648_red-code-lyoko-wallpapers-by-foboh-on-devia,,~/Images/2019-01-07/470648_red-code-lyoko-wallpapers-by-foboh-on-deviantart_1920x1080_h_2.png,1/7/2019 1:58:25 PM,1/7/2019 1:58:25 PM
470655_news-code-lyoko-codelyoko-fr_1024x768_h,,~/Images/2019-01-07/470655_news-code-lyoko-codelyoko-fr_1024x768_h_2.jpg,1/7/2019 1:58:25 PM,1/7/2019 1:58:25 PM
1002519-download-free-code-lyoko-wallpapers-1920x1,,~/Images/2019-01-07/1002519-download-free-code-lyoko-wallpapers-1920x1080-windows-10_2.jpg,1/7/2019 1:58:25 PM,1/7/2019 1:58:25 PM
banner,,~/Images/2019-01-07/banner_3.png,1/7/2019 1:58:25 PM,1/7/2019 1:58:25 PM
banner-1,,~/Images/2019-01-07/banner-1_2.png,1/7/2019 1:58:25 PM,1/7/2019 1:58:25 PM
beautiful-blur-bright-326055,,~/Images/2019-01-07/beautiful-blur-bright-326055_2.jpg,1/7/2019 1:58:25 PM,1/7/2019 1:58:25 PM
CMS_Creative_164657191_Kingfisher,,~/Images/2019-01-07/CMS_Creative_164657191_Kingfisher_2.jpg,1/7/2019 1:58:25 PM,1/7/2019 1:58:25 PM
Code-Lyoko-Wallpaper-Free-Download,,~/Images/2019-01-07/Code-Lyoko-Wallpaper-Free-Download_2.jpg,1/7/2019 1:58:25 PM,1/7/2019 1:58:25 PM
logo,,~/Images/2019-01-07/logo_2.png,1/7/2019 1:58:25 PM,1/7/2019 1:58:25 PM
no-image-found,,~/Images/2019-01-07/no-image-found_2.png,1/7/2019 1:58:25 PM,1/7/2019 1:58:25 PM
shop_donate-background-sm,,~/Images/2019-01-07/shop_donate-background-sm_2.jpg,1/7/2019 1:58:25 PM,1/7/2019 1:58:25 PM
wp3178085,,~/Images/2019-01-07/wp3178085_2.jpg,1/7/2019 1:58:25 PM,1/7/2019 1:58:25 PM
287089,,~/Images/2019-01-07/287089_3.jpg,1/7/2019 1:58:31 PM,1/7/2019 1:58:31 PM
470648_red-code-lyoko-wallpapers-by-foboh-on-devia,,~/Images/2019-01-07/470648_red-code-lyoko-wallpapers-by-foboh-on-deviantart_1920x1080_h_3.png,1/7/2019 1:58:31 PM,1/7/2019 1:58:31 PM
470655_news-code-lyoko-codelyoko-fr_1024x768_h,,~/Images/2019-01-07/470655_news-code-lyoko-codelyoko-fr_1024x768_h_3.jpg,1/7/2019 1:58:31 PM,1/7/2019 1:58:31 PM
1002519-download-free-code-lyoko-wallpapers-1920x1,,~/Images/2019-01-07/1002519-download-free-code-lyoko-wallpapers-1920x1080-windows-10_3.jpg,1/7/2019 1:58:31 PM,1/7/2019 1:58:31 PM
banner,,~/Images/2019-01-07/banner_4.png,1/7/2019 1:58:31 PM,1/7/2019 1:58:31 PM
banner-1,,~/Images/2019-01-07/banner-1_3.png,1/7/2019 1:58:31 PM,1/7/2019 1:58:31 PM
beautiful-blur-bright-326055,,~/Images/2019-01-07/beautiful-blur-bright-326055_3.jpg,1/7/2019 1:58:31 PM,1/7/2019 1:58:31 PM
CMS_Creative_164657191_Kingfisher,,~/Images/2019-01-07/CMS_Creative_164657191_Kingfisher_3.jpg,1/7/2019 1:58:31 PM,1/7/2019 1:58:31 PM
Code-Lyoko-Wallpaper-Free-Download,,~/Images/2019-01-07/Code-Lyoko-Wallpaper-Free-Download_3.jpg,1/7/2019 1:58:31 PM,1/7/2019 1:58:31 PM
logo,,~/Images/2019-01-07/logo_3.png,1/7/2019 1:58:31 PM,1/7/2019 1:58:31 PM
no-image-found,,~/Images/2019-01-07/no-image-found_3.png,1/7/2019 1:58:31 PM,1/7/2019 1:58:31 PM
shop_donate-background-sm,,~/Images/2019-01-07/shop_donate-background-sm_3.jpg,1/7/2019 1:58:31 PM,1/7/2019 1:58:31 PM
wp3178085,,~/Images/2019-01-07/wp3178085_3.jpg,1/7/2019 1:58:31 PM,1/7/2019 1:58:31 PM
287089,,~/Images/2019-01-07/287089_4.jpg,1/7/2019 1:58:37 PM,1/7/2019 1:58:37 PM
470648_red-code-lyoko-wallpapers-by-foboh-on-devia,,~/Images/2019-01-07/470648_red-code-lyoko-wallpapers-by-foboh-on-deviantart_1920x1080_h_4.png,1/7/2019 1:58:37 PM,1/7/2019 1:58:37 PM
470655_news-code-lyoko-codelyoko-fr_1024x768_h,,~/Images/2019-01-07/470655_news-code-lyoko-codelyoko-fr_1024x768_h_4.jpg,1/7/2019 1:58:37 PM,1/7/2019 1:58:37 PM
1002519-download-free-code-lyoko-wallpapers-1920x1,,~/Images/2019-01-07/1002519-download-free-code-lyoko-wallpapers-1920x1080-windows-10_4.jpg,1/7/2019 1:58:37 PM,1/7/2019 1:58:37 PM
banner,,~/Images/2019-01-07/banner_5.png,1/7/2019 1:58:37 PM,1/7/2019 1:58:37 PM
banner-1,,~/Images/2019-01-07/banner-1_4.png,1/7/2019 1:58:37 PM,1/7/2019 1:58:37 PM
beautiful-blur-bright-326055,,~/Images/2019-01-07/beautiful-blur-bright-326055_4.jpg,1/7/2019 1:58:37 PM,1/7/2019 1:58:37 PM
CMS_Creative_164657191_Kingfisher,,~/Images/2019-01-07/CMS_Creative_164657191_Kingfisher_4.jpg,1/7/2019 1:58:37 PM,1/7/2019 1:58:37 PM
Code-Lyoko-Wallpaper-Free-Download,,~/Images/2019-01-07/Code-Lyoko-Wallpaper-Free-Download_4.jpg,1/7/2019 1:58:37 PM,1/7/2019 1:58:37 PM
logo,,~/Images/2019-01-07/logo_4.png,1/7/2019 1:58:37 PM,1/7/2019 1:58:37 PM
no-image-found,,~/Images/2019-01-07/no-image-found_4.png,1/7/2019 1:58:37 PM,1/7/2019 1:58:37 PM
shop_donate-background-sm,,~/Images/2019-01-07/shop_donate-background-sm_4.jpg,1/7/2019 1:58:37 PM,1/7/2019 1:58:37 PM
wp3178085,,~/Images/2019-01-07/wp3178085_4.jpg,1/7/2019 1:58:37 PM,1/7/2019 1:58:37 PM